Workbook

Sheet Weekly Totals
A1: Flavor | B1: Sugar Cone | C1: Cup | D1: Waffle Cone | E1: Total of All Containers
A2: Chocolate | B2: =SUM(Sunday!B2,Monday!B2,Tuesday!B2,Wednesday!B2,Thursday!B2,Friday!B2,Saturday!B2) -> 304 | C2: =SUM(Sunday!C2,Monday!C2,Tuesday!C2,Wednesday!C2,Thursday!C2,Friday!C2,Saturday!C2) -> 225 | D2: =SUM(Sunday!D2,Monday!D2,Tuesday!D2,Wednesday!D2,Thursday!D2,Friday!D2,Saturday!D2) -> 167 | E2: =SUM(Sunday!E2,Monday!E2,Tuesday!E2,Wednesday!E2,Thursday!E2,Friday!E2,Saturday!E2) -> 696 | G2: <---I did not include random because it was the generator and not representative of a weekday.
A3: Strawberry | B3: =SUM(Sunday!B3,Monday!B3,Tuesday!B3,Wednesday!B3,Thursday!B3,Friday!B3,Saturday!B3) -> 176 | C3: =SUM(Sunday!C3,Monday!C3,Tuesday!C3,Wednesday!C3,Thursday!C3,Friday!C3,Saturday!C3) -> 304 | D3: =SUM(Sunday!D3,Monday!D3,Tuesday!D3,Wednesday!D3,Thursday!D3,Friday!D3,Saturday!D3) -> 186 | E3: =SUM(Sunday!E3,Monday!E3,Tuesday!E3,Wednesday!E3,Thursday!E3,Friday!E3,Saturday!E3) -> 666
A4: Vanilla | B4: =SUM(Sunday!B4,Monday!B4,Tuesday!B4,Wednesday!B4,Thursday!B4,Friday!B4,Saturday!B4) -> 257 | C4: =SUM(Sunday!C4,Monday!C4,Tuesday!C4,Wednesday!C4,Thursday!C4,Friday!C4,Saturday!C4) -> 238 | D4: =SUM(Sunday!D4,Monday!D4,Tuesday!D4,Wednesday!D4,Thursday!D4,Friday!D4,Saturday!D4) -> 311 | E4: =SUM(Sunday!E4,Monday!E4,Tuesday!E4,Wednesday!E4,Thursday!E4,Friday!E4,Saturday!E4) -> 806
A5: Blue Moon | B5: =SUM(Sunday!B5,Monday!B5,Tuesday!B5,Wednesday!B5,Thursday!B5,Friday!B5,Saturday!B5) -> 113 | C5: =SUM(Sunday!C5,Monday!C5,Tuesday!C5,Wednesday!C5,Thursday!C5,Friday!C5,Saturday!C5) -> 174 | D5: =SUM(Sunday!D5,Monday!D5,Tuesday!D5,Wednesday!D5,Thursday!D5,Friday!D5,Saturday!D5) -> 180 | E5: =SUM(Sunday!E5,Monday!E5,Tuesday!E5,Wednesday!E5,Thursday!E5,Friday!E5,Saturday!E5) -> 467
A6: Orange | B6: =SUM(Sunday!B6,Monday!B6,Tuesday!B6,Wednesday!B6,Thursday!B6,Friday!B6,Saturday!B6) -> 206 | C6: =SUM(Sunday!C6,Monday!C6,Tuesday!C6,Wednesday!C6,Thursday!C6,Friday!C6,Saturday!C6) -> 212 | D6: =SUM(Sunday!D6,Monday!D6,Tuesday!D6,Wednesday!D6,Thursday!D6,Friday!D6,Saturday!D6) -> 88 | E6: =SUM(Sunday!E6,Monday!E6,Tuesday!E6,Wednesday!E6,Thursday!E6,Friday!E6,Saturday!E6) -> 506
A7: Cherry | B7: =SUM(Sunday!B7,Monday!B7,Tuesday!B7,Wednesday!B7,Thursday!B7,Friday!B7,Saturday!B7) -> 168 | C7: =SUM(Sunday!C7,Monday!C7,Tuesday!C7,Wednesday!C7,Thursday!C7,Friday!C7,Saturday!C7) -> 180 | D7: =SUM(Sunday!D7,Monday!D7,Tuesday!D7,Wednesday!D7,Thursday!D7,Friday!D7,Saturday!D7) -> 279 | E7: =SUM(Sunday!E7,Monday!E7,Tuesday!E7,Wednesday!E7,Thursday!E7,Friday!E7,Saturday!E7) -> 627
A8: Cookie Dough | B8: =SUM(Sunday!B8,Monday!B8,Tuesday!B8,Wednesday!B8,Thursday!B8,Friday!B8,Saturday!B8) -> 315 | C8: =SUM(Sunday!C8,Monday!C8,Tuesday!C8,Wednesday!C8,Thursday!C8,Friday!C8,Saturday!C8) -> 77 | D8: =SUM(Sunday!D8,Monday!D8,Tuesday!D8,Wednesday!D8,Thursday!D8,Friday!D8,Saturday!D8) -> 202 | E8: =SUM(Sunday!E8,Monday!E8,Tuesday!E8,Wednesday!E8,Thursday!E8,Friday!E8,Saturday!E8) -> 594
A9: Total of All Flavors | B9: =SUM(Sunday!B9,Monday!B9,Tuesday!B9,Wednesday!B9,Thursday!B9,Friday!B9,Saturday!B9) -> 1539 | C9: =SUM(Sunday!C9,Monday!C9,Tuesday!C9,Wednesday!C9,Thursday!C9,Friday!C9,Saturday!C9) -> 1410 | D9: =SUM(Sunday!D9,Monday!D9,Tuesday!D9,Wednesday!D9,Thursday!D9,Friday!D9,Saturday!D9) -> 1413 | E9: =SUM(Sunday!E9,Monday!E9,Tuesday!E9,Wednesday!E9,Thursday!E9,Friday!E9,Saturday!E9) -> 4362
A11: Your Name:
A12: Alejandro De La Torre
E14: I get the method but there is a much faster method than manually pasting or contructing the sum formula each time. Simply highlight where you would want the the same formula applied to, beginning where the you wrote the original formula that you want to replicate across the adjacent columns for the corresponding range of values and then hit ctrl + r and then it replicates it to the right. To drag down, you can highlight the range where you would like to to drag down to and then hit ctrl + d and boom. Touching your mouse is lost time/efficiency in excel.
A16: Only Weekday (No Random)
A17: Flavor | B17: Sugar Cone | C17: Cup | D17: Waffle Cone | E17: Total of All Containers
A18: Chocolate | B18: =SUM(Monday!B2,Tuesday!B2,Wednesday!B2,Thursday!B2,Friday!B2) -> 216 | C18: =SUM(Monday!C2,Tuesday!C2,Wednesday!C2,Thursday!C2,Friday!C2) -> 164 | D18: =SUM(Monday!D2,Tuesday!D2,Wednesday!D2,Thursday!D2,Friday!D2) -> 118 | E18: =SUM(Monday!E2,Tuesday!E2,Wednesday!E2,Thursday!E2,Friday!E2) -> 498 | G18: <---I figured it was easier, faster, and nicer (at the very least more exhaustive) if I just replicate the whole table with only the weekday values.
A19: Strawberry | B19: =SUM(Monday!B3,Tuesday!B3,Wednesday!B3,Thursday!B3,Friday!B3) -> 128 | C19: =SUM(Monday!C3,Tuesday!C3,Wednesday!C3,Thursday!C3,Friday!C3) -> 218 | D19: =SUM(Monday!D3,Tuesday!D3,Wednesday!D3,Thursday!D3,Friday!D3) -> 129 | E19: =SUM(Monday!E3,Tuesday!E3,Wednesday!E3,Thursday!E3,Friday!E3) -> 475
A20: Vanilla | B20: =SUM(Monday!B4,Tuesday!B4,Wednesday!B4,Thursday!B4,Friday!B4) -> 182 | C20: =SUM(Monday!C4,Tuesday!C4,Wednesday!C4,Thursday!C4,Friday!C4) -> 170 | D20: =SUM(Monday!D4,Tuesday!D4,Wednesday!D4,Thursday!D4,Friday!D4) -> 220 | E20: =SUM(Monday!E4,Tuesday!E4,Wednesday!E4,Thursday!E4,Friday!E4) -> 572
A21: Blue Moon | B21: =SUM(Monday!B5,Tuesday!B5,Wednesday!B5,Thursday!B5,Friday!B5) -> 74 | C21: =SUM(Monday!C5,Tuesday!C5,Wednesday!C5,Thursday!C5,Friday!C5) -> 124 | D21: =SUM(Monday!D5,Tuesday!D5,Wednesday!D5,Thursday!D5,Friday!D5) -> 132 | E21: =SUM(Monday!E5,Tuesday!E5,Wednesday!E5,Thursday!E5,Friday!E5) -> 330
A22: Orange | B22: =SUM(Monday!B6,Tuesday!B6,Wednesday!B6,Thursday!B6,Friday!B6) -> 152 | C22: =SUM(Monday!C6,Tuesday!C6,Wednesday!C6,Thursday!C6,Friday!C6) -> 147 | D22: =SUM(Monday!D6,Tuesday!D6,Wednesday!D6,Thursday!D6,Friday!D6) -> 65 | E22: =SUM(Monday!E6,Tuesday!E6,Wednesday!E6,Thursday!E6,Friday!E6) -> 364
A23: Cherry | B23: =SUM(Monday!B7,Tuesday!B7,Wednesday!B7,Thursday!B7,Friday!B7) -> 121 | C23: =SUM(Monday!C7,Tuesday!C7,Wednesday!C7,Thursday!C7,Friday!C7) -> 134 | D23: =SUM(Monday!D7,Tuesday!D7,Wednesday!D7,Thursday!D7,Friday!D7) -> 192 | E23: =SUM(Monday!E7,Tuesday!E7,Wednesday!E7,Thursday!E7,Friday!E7) -> 447
A24: Cookie Dough | B24: =SUM(Monday!B8,Tuesday!B8,Wednesday!B8,Thursday!B8,Friday!B8) -> 225 | C24: =SUM(Monday!C8,Tuesday!C8,Wednesday!C8,Thursday!C8,Friday!C8) -> 54 | D24: =SUM(Monday!D8,Tuesday!D8,Wednesday!D8,Thursday!D8,Friday!D8) -> 150 | E24: =SUM(Monday!E8,Tuesday!E8,Wednesday!E8,Thursday!E8,Friday!E8) -> 429
A25: Total of All Flavors | B25: =SUM(Monday!B9,Tuesday!B9,Wednesday!B9,Thursday!B9,Friday!B9) -> 1098 | C25: =SUM(Monday!C9,Tuesday!C9,Wednesday!C9,Thursday!C9,Friday!C9) -> 1011 | D25: =SUM(Monday!D9,Tuesday!D9,Wednesday!D9,Thursday!D9,Friday!D9) -> 1006 | E25: =SUM(Monday!E9,Tuesday!E9,Wednesday!E9,Thursday!E9,Friday!E9) -> 3115
A27: Transposed Center Weekday
A28: Flavor | B28: Chocolate | C28: Strawberry | D28: Vanilla | E28: Blue Moon | F28: Orange | G28: Cherry | H28: Cookie Dough | I28: Total of All Flavors
A29: Sugar Cone | B29: 216 | C29: 128 | D29: 182 | E29: 74 | F29: 152 | G29: 121 | H29: 225 | I29: 1098 | K29: <--Here I copied the center values in the weekday only weekly totals table and then did alt + h + v + s then selected values and transpose and then copied the formatting over with alt + h + v + r
A30: Cup | B30: 164 | C30: 218 | D30: 170 | E30: 124 | F30: 147 | G30: 134 | H30: 54 | I30: 1011
A31: Waffle Cone | B31: 118 | C31: 129 | D31: 220 | E31: 132 | F31: 65 | G31: 192 | H31: 150 | I31: 1006

Sheet Sunday
A1: Flavor | B1: Sugar Cone | C1: Cup | D1: Waffle Cone | E1: Total of All Containers
A2: Chocolate | B2: 40 | C2: 31 | D2: 23 | E2: =SUM(B2:D2) -> 94
A3: Strawberry | B3: 25 | C3: 42 | D3: 27 | E3: =SUM(B3:D3) -> 94
A4: Vanilla | B4: 40 | C4: 37 | D4: 42 | E4: =SUM(B4:D4) -> 119
A5: Blue Moon | B5: 20 | C5: 30 | D5: 25 | E5: =SUM(B5:D5) -> 75
A6: Orange | B6: 25 | C6: 30 | D6: 11 | E6: =SUM(B6:D6) -> 66
A7: Cherry | B7: 20 | C7: 22 | D7: 43 | E7: =SUM(B7:D7) -> 85
A8: Cookie Dough | B8: 40 | C8: 10 | D8: 25 | E8: =SUM(B8:D8) -> 75
A9: Total of All Flavors | B9: =SUM(B2:B8) -> 210 | C9: =SUM(C2:C8) -> 202 | D9: =SUM(D2:D8) -> 196 | E9: =SUM(B9:D9) -> 608

Sheet Monday
A1: Flavor | B1: Sugar Cone | C1: Cup | D1: Waffle Cone | E1: Total of All Containers
A2: Chocolate | B2: 41 | C2: 30 | D2: 22 | E2: =SUM(B2:D2) -> 93
A3: Strawberry | B3: 27 | C3: 48 | D3: 25 | E3: =SUM(B3:D3) -> 100
A4: Vanilla | B4: 37 | C4: 30 | D4: 45 | E4: =SUM(B4:D4) -> 112
A5: Blue Moon | B5: 20 | C5: 21 | D5: 29 | E5: =SUM(B5:D5) -> 70
A6: Orange | B6: 29 | C6: 29 | D6: 10 | E6: =SUM(B6:D6) -> 68
A7: Cherry | B7: 22 | C7: 30 | D7: 45 | E7: =SUM(B7:D7) -> 97
A8: Cookie Dough | B8: 49 | C8: 12 | D8: 31 | E8: =SUM(B8:D8) -> 92
A9: Total of All Flavors | B9: =SUM(B2:B8) -> 225 | C9: =SUM(C2:C8) -> 200 | D9: =SUM(D2:D8) -> 207 | E9: =SUM(B9:D9) -> 632

Sheet Tuesday
A1: Flavor | B1: Sugar Cone | C1: Cup | D1: Waffle Cone | E1: Total of All Containers
A2: Chocolate | B2: 44 | C2: 32 | D2: 25 | E2: =SUM(B2:D2) -> 101
A3: Strawberry | B3: 21 | C3: 45 | D3: 30 | E3: =SUM(B3:D3) -> 96
A4: Vanilla | B4: 40 | C4: 33 | D4: 49 | E4: =SUM(B4:D4) -> 122
A5: Blue Moon | B5: 11 | C5: 26 | D5: 27 | E5: =SUM(B5:D5) -> 64
A6: Orange | B6: 32 | C6: 35 | D6: 15 | E6: =SUM(B6:D6) -> 82
A7: Cherry | B7: 22 | C7: 29 | D7: 35 | E7: =SUM(B7:D7) -> 86
A8: Cookie Dough | B8: 42 | C8: 10 | D8: 27 | E8: =SUM(B8:D8) -> 79
A9: Total of All Flavors | B9: =SUM(B2:B8) -> 212 | C9: =SUM(C2:C8) -> 210 | D9: =SUM(D2:D8) -> 208 | E9: =SUM(B9:D9) -> 630

Sheet Wednesday
A1: Flavor | B1: Sugar Cone | C1: Cup | D1: Waffle Cone | E1: Total of All Containers
A2: Chocolate | B2: 41 | C2: 35 | D2: 22 | E2: =SUM(B2:D2) -> 98
A3: Strawberry | B3: 24 | C3: 41 | D3: 24 | E3: =SUM(B3:D3) -> 89
A4: Vanilla | B4: 36 | C4: 32 | D4: 40 | E4: =SUM(B4:D4) -> 108
A5: Blue Moon | B5: 11 | C5: 29 | D5: 27 | E5: =SUM(B5:D5) -> 67
A6: Orange | B6: 29 | C6: 26 | D6: 13 | E6: =SUM(B6:D6) -> 68
A7: Cherry | B7: 22 | C7: 30 | D7: 40 | E7: =SUM(B7:D7) -> 92
A8: Cookie Dough | B8: 44 | C8: 10 | D8: 30 | E8: =SUM(B8:D8) -> 84
A9: Total of All Flavors | B9: =SUM(B2:B8) -> 207 | C9: =SUM(C2:C8) -> 203 | D9: =SUM(D2:D8) -> 196 | E9: =SUM(B9:D9) -> 606

Sheet Thursday
A1: Flavor | B1: Sugar Cone | C1: Cup | D1: Waffle Cone | E1: Total of All Containers
A2: Chocolate | B2: 47 | C2: 31 | D2: 26 | E2: =SUM(B2:D2) -> 104
A3: Strawberry | B3: 27 | C3: 41 | D3: 24 | E3: =SUM(B3:D3) -> 92
A4: Vanilla | B4: 35 | C4: 38 | D4: 42 | E4: =SUM(B4:D4) -> 115
A5: Blue Moon | B5: 18 | C5: 26 | D5: 20 | E5: =SUM(B5:D5) -> 64
A6: Orange | B6: 27 | C6: 32 | D6: 12 | E6: =SUM(B6:D6) -> 71
A7: Cherry | B7: 30 | C7: 20 | D7: 37 | E7: =SUM(B7:D7) -> 87
A8: Cookie Dough | B8: 47 | C8: 12 | D8: 27 | E8: =SUM(B8:D8) -> 86
A9: Total of All Flavors | B9: =SUM(B2:B8) -> 231 | C9: =SUM(C2:C8) -> 200 | D9: =SUM(D2:D8) -> 188 | E9: =SUM(B9:D9) -> 619

Sheet Friday
A1: Flavor | B1: Sugar Cone | C1: Cup | D1: Waffle Cone | E1: Total of All Containers
A2: Chocolate | B2: 43 | C2: 36 | D2: 23 | E2: =SUM(B2:D2) -> 102
A3: Strawberry | B3: 29 | C3: 43 | D3: 26 | E3: =SUM(B3:D3) -> 98
A4: Vanilla | B4: 34 | C4: 37 | D4: 44 | E4: =SUM(B4:D4) -> 115
A5: Blue Moon | B5: 14 | C5: 22 | D5: 29 | E5: =SUM(B5:D5) -> 65
A6: Orange | B6: 35 | C6: 25 | D6: 15 | E6: =SUM(B6:D6) -> 75
A7: Cherry | B7: 25 | C7: 25 | D7: 35 | E7: =SUM(B7:D7) -> 85
A8: Cookie Dough | B8: 43 | C8: 10 | D8: 35 | E8: =SUM(B8:D8) -> 88
A9: Total of All Flavors | B9: =SUM(B2:B8) -> 223 | C9: =SUM(C2:C8) -> 198 | D9: =SUM(D2:D8) -> 207 | E9: =SUM(B9:D9) -> 628

Sheet Saturday
A1: Flavor | B1: Sugar Cone | C1: Cup | D1: Waffle Cone | E1: Total of All Containers
A2: Chocolate | B2: 48 | C2: 30 | D2: 26 | E2: =SUM(B2:D2) -> 104
A3: Strawberry | B3: 23 | C3: 44 | D3: 30 | E3: =SUM(B3:D3) -> 97
A4: Vanilla | B4: 35 | C4: 31 | D4: 49 | E4: =SUM(B4:D4) -> 115
A5: Blue Moon | B5: 19 | C5: 20 | D5: 23 | E5: =SUM(B5:D5) -> 62
A6: Orange | B6: 29 | C6: 35 | D6: 12 | E6: =SUM(B6:D6) -> 76
A7: Cherry | B7: 27 | C7: 24 | D7: 44 | E7: =SUM(B7:D7) -> 95
A8: Cookie Dough | B8: 50 | C8: 13 | D8: 27 | E8: =SUM(B8:D8) -> 90
A9: Total of All Flavors | B9: =SUM(B2:B8) -> 231 | C9: =SUM(C2:C8) -> 197 | D9: =SUM(D2:D8) -> 211 | E9: =SUM(B9:D9) -> 639

Sheet Random
A1: Flavor | B1: Sugar Cone | C1: Cup | D1: Waffle Cone | E1: Total of All Containers
A2: Chocolate | B2: =RANDBETWEEN(40,50) -> 43 | C2: =RANDBETWEEN(30,40) -> 30 | D2: =RANDBETWEEN(20,30) -> 25 | E2: =SUM(B2:D2) -> 98
A3: Strawberry | B3: =RANDBETWEEN(20,30) -> 22 | C3: =RANDBETWEEN(40,50) -> 45 | D3: =RANDBETWEEN(20,30) -> 22 | E3: =SUM(B3:D3) -> 89
A4: Vanilla | B4: =RANDBETWEEN(30,40) -> 34 | C4: =RANDBETWEEN(30,40) -> 34 | D4: =RANDBETWEEN(40,50) -> 40 | E4: =SUM(B4:D4) -> 108
A5: Blue Moon | B5: =RANDBETWEEN(10,20) -> 10 | C5: =RANDBETWEEN(20,30) -> 24 | D5: =RANDBETWEEN(20,30) -> 24 | E5: =SUM(B5:D5) -> 58
A6: Orange | B6: =RANDBETWEEN(25,35) -> 26 | C6: =RANDBETWEEN(25,35) -> 34 | D6: =RANDBETWEEN(10,15) -> 10 | E6: =SUM(B6:D6) -> 70
A7: Cherry | B7: =RANDBETWEEN(20,30) -> 20 | C7: =RANDBETWEEN(20,30) -> 30 | D7: =RANDBETWEEN(35,45) -> 37 | E7: =SUM(B7:D7) -> 87
A8: Cookie Dough | B8: =RANDBETWEEN(40,50) -> 48 | C8: =RANDBETWEEN(10,15) -> 10 | D8: =RANDBETWEEN(25,35) -> 31 | E8: =SUM(B8:D8) -> 89
A9: Total of All Flavors | B9: =SUM(B2:B8) -> 203 | C9: =SUM(C2:C8) -> 207 | D9: =SUM(D2:D8) -> 189 | E9: =SUM(B9:D9) -> 599
